id,구분,이름,구,읍면동,리/상세주소,유형,규모,시기,가격,특징,확실도,출처,경도,위도,source,좌표정확도,좌표근거
1,A 단지,청주 루떼르포레,상당구,남일면,고은리 산64-1 일원,단독형 타운하우스(모듈러),58세대 / 대지 약 1만평 / 필지당 약 170평,2022 착공 / 2024.11 준공 보도,2024 기사 제목 '2억원대 분양'(기준 미확인),단지 내 6m 도로,높음,https://www.sentv.co.kr/article/view/sentv202207110108 ; https://www.ksilbo.co.kr/news/articleView.html?idxno=1022681,127.52922,36.56595,web,정확,기사에 나온 지번 고은리 산64-1 (국토일보·서울경제TV 등)
2,A 단지,에코 알베로 빌리지,상당구,남일면,고은리,단독형 타운하우스,65세대,미확인,미확인,청원구 조사 중 위치만 확인(세부 미검증),낮음,(청원구 조사 결과 언급 / 출처 재확인 필요),127.51569,36.56672,web,대략,고은리 중심
3,A 단지,썬에코타운 (1·3·4단지),상당구,운동동,279-8(3단지 목련로 106-62) / 279-10(1단지),단독형 타운하우스,단지별 세대수 미확인 / 3단지 2층+지하1층 53평,3단지 2019 준공,4단지 매물 4.3억,동남지구와 목련공원 사이 / 텃밭,중간,https://tenant.zaritalk.com/real-residence-review/residence/building/760123 ; https://zippoom.com/부동산/충북-청주시-상당구-운동동-썬에코타운1단지/3jjoq7,127.51942,36.59992,web,정확,운동동 279-8 지번
4,A 단지,병암리 전원주택단지(이름 없음),상당구,가덕면,병암리(농협 청주교육원 인근),전원주택단지,15필지 / 2022.10 기준 6채,2022 이전 조성,매물 대지211평·건평29평 2.5억(2022.10),동남지구 방향 도로 개통,중간,https://m.cafe.daum.net/tozisarang/JCFv/21569,127.57965,36.57516,web,대략,병암리 중심
5,A 단지,휴라시안,흥덕구,강내면,월탄리 231,전원주택단지,24세대 / 대지 약 5500평,2014~2015 분양,미확인,미호천 앞 배산임수 / 단지도로 8m / 지하주차장,높음,https://cc.newdaily.co.kr/site/data/html/2015/11/16/2015111600029.html,127.34975,36.61183,web,정확,월탄리 231 지번
6,A 단지,오송 어반빌리지,흥덕구,오송읍,연제리 산25-16 일대,단독형 타운하우스,24필지(+근생1) / 필지 316~440㎡,2023.8 공급 시작 / 준공 미확인,미확인,37·42·52평 선택형 설계,높음,http://www.dynews.co.kr/news/articleView.html?idxno=716632,127.31898,36.62589,web,추정,기사 지번 연제리 산25-16은 지도에 안 나와서 같은 산25번지의 산25-1 위치로 찍음
7,A 단지,오창 전원주택단지,청원구,오창읍,구룡리·양청리 일원,전원주택단지(구 청원군 조성),264필지 / 17.9만㎡,2001경 분양 / 2011 기준 건축 22.7%,2011 기사 ㎡당 100만원 미만 매물,도시가스 미설치로 장기 미개발(현재 상태 미확인),높음(2011 기준),https://www.inews365.com/news/article.html?no=207809,127.4214,36.72013,web,추정,"구룡리·양청리 택지(264필지) 중 양청리 쪽, CU 오창양청전원점(양청리 736-1) 부근"
8,A 단지,오창 미래지 한옥마을,청원구,오창읍,미래지로 71-53(성산리 쪽),전원마을(한옥),미확인,2015.6 1차 완공,미확인,주거 한옥+민박 한옥 혼재 / 미래지 농촌테마공원 옆,중간,http://www.cbiz.kr/news/articleView.html?idxno=2315,127.40525187698847,36.734850381981076,web+kakao,정확,카카오 장소 검색
9,A 단지,휴 타운하우스,청원구,주성동,미확인,타운하우스(단독형 여부 불확실),24가구,2018 기사,미확인,세대당 주차 2대+ / 외부창고,중간,https://www.ccdailynews.com/news/articleView.html?idxno=980922,127.50425,36.67319,web,추정,"카카오 장소 ""청우휴타운""(주성동 90-3, 빌라·주택). 이름이 비슷해서 같은 곳으로 추정"
10,A 단지,가좌리 전원주택단지(이름 없음),서원구,남이면,가좌리(223-51 부근 / 옛 건너말),전원주택단지,미확인,미확인 / 2025 경매물건 있음,미확인,남이초 인근,중간,https://namu.wiki/w/남이면(청주),127.4582,36.57122,web,정확,가좌리 223-51 지번
11,A 단지,성화엄지마을,서원구,성화동,미확인(가경 홈플러스 인근),전원주택단지(블로그 표현),미확인,미확인,미확인,블로그 제목만 확인,낮음,http://blog.daum.net/hongl67/1892,127.45274,36.61144,web,대략,성화동 중심
12,A 단지,주중동 타운하우스(이름 미상 / '어반하우스'로 소개),청원구,주중동,미확인,타운하우스,미확인,2016.5 분양 예정,미확인,준공 여부 미확인,중간,https://www.inews365.com/news/article.html?no=446414,127.4858,36.67836,web,추정,"카카오 장소 ""어반하우스""(주중동 560, 빌라·주택) — 같은 곳인지 미확인"
13,A 단지,가마지구 타운하우스(이름 미상),서원구,남이면,가마리 일대,타운하우스,미확인,2016 분양 중,미확인,단지명 없음,중간,https://www.inews365.com/news/article.html?no=446414,127.47183,36.59804,web,추정,"가마리에서 카카오에 잡힌 단지형 주택 ""청주힐데스빌""(가마리 30). 같은 곳인지 미확인"
14,A 단지,봉명동·석곡동 타운하우스(이름 미상),흥덕구,봉명동·석곡동,미확인,타운하우스,미확인,2016,미확인,단지 특정 못함,낮음,https://www.inews365.com/news/article.html?no=446414,127.42513,36.60491,web,대략,석곡동 중심
15,B 택지,청주동남지구 블록형 단독주택용지(110~140블록),상당구,동남지구,미확인,단독형 타운하우스 부지,4블록 80세대,2021 공고 / 2024.9 재공급,2024 3.3㎡당 약 208만원,실제 들어선 단지 미확인,높음(부지),https://www.newspim.com/news/view/20240911000575,127.51685,36.61637,web,대략,동남지구(용암동) 부근
16,B 택지,청주동남지구 단독주택용지,상당구,용정동·방서동,동남지구 내,도시 단독택지,136필지,2018.4 LH 공급,3.3㎡당 410~457만원,도시 택지(전원 성격 약함),높음,https://www.etoday.co.kr/news/view/1612230,127.5036,36.6025,web,대략,방서동 중심
17,B 택지,청주지북 점포겸용 단독주택용지,상당구,지북동,촉진지구 내,점포겸용 단독택지,58필지,2025.6 LH 입찰,미기재,4층 5가구 이하(전원 성격 약함),높음,https://www.nocutnews.co.kr/news/6358084,127.50242,36.59285,web,대략,지북 촉진지구 사업지(지북동 314-3)
18,B 택지,청주하이테크밸리 단독주택용지,흥덕구,강내면,산단 내,단독택지,2필지,2024.6 분양,미확인,산단 부속 주거용지,높음,https://www.cctimes.kr/news/articleView.html?idxno=800668,127.32875,36.6314,web,대략,카카오 장소 청주하이테크밸리(오송읍 연제리 713)
19,B 택지,청주 오스코 단독주택용지,흥덕구,오송읍,오스코 주변,단독택지,미확인,2023.9 충북개발공사 공고,미확인,컨벤션센터 옆,높음(이름·위치),https://www.cbdc.co.kr/,127.33545,36.62652,web,대략,청주오스코(만수리 925) 부근
20,B 택지,오송궁평지구 단독주택용지,흥덕구,오송읍,궁평리,단독택지(계획),2.15만㎡,2029~2031 준공 목표,없음,계획 단계,중간,https://www.cctoday.co.kr/news/articleView.html?idxno=2192966,127.34192,36.6201,web,대략,궁평리 중심
21,C 밀집지,고은리 개별 전원주택 밀집지,상당구,남일면,고은리,자연발생형 밀집,미확인,2010년경부터,-,나무위키 서술,낮음,https://namu.wiki/w/남일면(청주),127.51569,36.56672,web,대략,고은리 중심
22,C 밀집지,낭성면 개별 전원주택 증가지,상당구,낭성면,미확인,자연발생형,미확인,산성터널 개통 이후,-,나무위키 서술,낮음,https://namu.wiki/w/낭성면,127.60396,36.6227,web,대략,낭성면 중심
23,C 밀집지,강내면 교원대 동쪽 다락탑연길 일대,흥덕구,강내면,탑연리,자연발생형,미확인,미확인,-,나무위키 서술,낮음,https://namu.wiki/w/강내면,127.36051,36.61733,web,대략,탑연리 중심
24,C 밀집지,현도면 우록리 전원주택,서원구,현도면,우록리,개별 시공 사례,1채 확인(최대 10채 언급),2019,-,걸리버하우스 시공,낮음,http://grber.co.kr/155,127.43469,36.51167,web,대략,우록리 중심
25,A 단지,현암힐빌리지,상당구,낭성면,현암리 70-8,단독형 단지(추정),미확인,미확인,미확인,면 지역 빌리지라 빌라일 수도 있음,낮음,http://place.map.kakao.com/446490430,127.55936180002489,36.644181711349574,kakao,정확,카카오 장소 검색
26,A 단지,대청타운하우스,상당구,문의면,미천리 114-4,타운하우스,미확인,미확인,미확인,대청호 인근,중간,http://place.map.kakao.com/1636215676,127.50087359494708,36.51730071652528,kakao,정확,카카오 장소 검색
27,A 단지,내산빌리지,상당구,미원면,내산리 120,단독형 단지(추정),미확인,미확인,미확인,면 지역 빌리지라 빌라일 수도 있음,낮음,http://place.map.kakao.com/323315915,127.65831333794894,36.64005347285335,kakao,정확,카카오 장소 검색
28,A 단지,힐타운하우스,서원구,미평동,276-2,타운하우스,미확인,미확인,미확인,,중간,http://place.map.kakao.com/815845268,127.46068168979156,36.60371087693238,kakao,정확,카카오 장소 검색
29,A 단지,에버스테이 타운하우스,서원구,성화동,628,타운하우스,미확인,미확인,미확인,#11 성화엄지마을과 같은 성화동,중간,http://place.map.kakao.com/1670157162,127.4543509285902,36.616233900671126,kakao,정확,카카오 장소 검색
30,A 단지,죽림해비치전원마을,서원구,죽림동,146-36,전원마을,미확인,미확인,미확인,,중간,http://place.map.kakao.com/147072171,127.43865691619854,36.60843482280929,kakao,정확,카카오 장소 검색
31,A 단지,묵방1리전원주택단지,청원구,내수읍,묵방리 68-6,전원주택단지,미확인,미확인,미확인,,중간,http://place.map.kakao.com/1214920831,127.519511273572,36.7089581123917,kakao,정확,카카오 장소 검색
32,A 단지,호수전원타운,청원구,오창읍,성산리 417-21,전원주택단지,미확인,미확인,미확인,오창미래지전원마을(바로 옆)과 인접,중간,http://place.map.kakao.com/1787711303,127.41380627900833,36.74357528129086,kakao,정확,카카오 장소 검색
33,A 단지,오창미래지전원마을,청원구,오창읍,성산리 419-7,전원마을,미확인,미확인,미확인,#8 미래지 한옥마을과는 별개 지번(성산리 419-7),중간,http://place.map.kakao.com/27292120,127.4120162335484,36.74280112691121,kakao,정확,카카오 장소 검색
34,A 단지,석곡동 전원주택단지,흥덕구,석곡동,23-39,전원주택단지,미확인,미확인,미확인,#14 봉명동·석곡동 타운하우스와 같은 곳일 수 있음,중간,http://place.map.kakao.com/1811938230,127.42904535091729,36.60860498493026,kakao,정확,카카오 장소 검색
35,A 단지,오송바이오전원마을,흥덕구,오송읍,상정리 산 59-1,전원마을,미확인,미확인,미확인,,중간,http://place.map.kakao.com/21058125,127.332986153703,36.6525990887204,kakao,정확,카카오 장소 검색
